{
  "version": 1,
  "author": "Keerthi r v Rajkumar v r",
  "editor": "wokwi",
  "parts": [
    { "type": "wokwi-arduino-uno", "id": "uno", "top": 355.8, "left": 37.8, "attrs": {} },
    { "type": "wokwi-lcd1602", "id": "lcd1", "top": -188.57, "left": 16, "attrs": {} },
    { "type": "wokwi-potentiometer", "id": "pot1", "top": -145.3, "left": -67.4, "attrs": {} },
    { "type": "wokwi-membrane-keypad", "id": "keypad1", "top": -30.8, "left": 44, "attrs": {} }
  ],
  "connections": [
    [ "lcd1:RS", "uno:A0", "green", [ "v604.8", "h163.5" ] ],
    [ "lcd1:E", "uno:A1", "green", [ "v604.8", "h153.6" ] ],
    [ "lcd1:D4", "uno:A2", "green", [ "v604.8", "h115.2" ] ],
    [ "lcd1:D5", "uno:A3", "green", [ "v604.8", "h124.9" ] ],
    [ "lcd1:D6", "uno:A4", "green", [ "v604.8", "h125" ] ],
    [ "lcd1:D7", "uno:A5", "green", [ "v604.8", "h125.1" ] ],
    [ "uno:5", "keypad1:R1", "green", [ "v0" ] ],
    [ "uno:4", "keypad1:R2", "green", [ "v-57.6", "h-101.7" ] ],
    [ "uno:3", "keypad1:R3", "green", [ "v-57.6", "h-101.6" ] ],
    [ "uno:2", "keypad1:R4", "green", [ "v-57.6", "h-101.5" ] ],
    [ "uno:6", "keypad1:C1", "green", [ "v-57.6", "h-53.9" ] ],
    [ "uno:7", "keypad1:C2", "green", [ "v-57.6", "h-34.8" ] ],
    [ "uno:8", "keypad1:C3", "green", [ "v-57.6", "h-9.2" ] ],
    [ "uno:9", "keypad1:C4", "green", [ "v-57.6", "h10.4" ] ]
  ],
  "dependencies": {}
}